{
  "case_id": "test_case_04",
  "coordinate_frame": {
    "origin": {
      "x": 1.0403179914182855e-14,
      "y": -8.831374429349791e-15,
      "z": -2.1335116536050176e-14
    },
    "basis": [
      [
        0.023646167086467933,
        0.9996919851450611,
        -0.007536154115081111
      ],
      [
        0.9992235497120739,
        -0.023396113764507443,
        0.03170046626661804
      ],
      [
        0.03151438533307612,
        -0.008279897188107989,
        -0.9994690024306071
      ]
    ]
  },
  "anchor_points": [
    {
      "id": "a0",
      "xyz": {
        "x": 2.7565323910432853,
        "y": 19.561977113809213,
        "z": -57.1662694913423
      },
      "normal": {
        "x": -0.056733201434215536,
        "y": 0.9972167881117424,
        "z": -0.04837376730341508
      },
      "cortical_thickness_mm": 11.820393672806183
    },
    {
      "id": "a1",
      "xyz": {
        "x": -47.53045814345334,
        "y": 5.641523375590168,
        "z": 228.41114679114762
      },
      "normal": {
        "x": -0.43886434732655766,
        "y": 0.19571588688321973,
        "z": 0.8769796897688963
      },
      "cortical_thickness_mm": 118.01496740355961
    },
    {
      "id": "a2",
      "xyz": {
        "x": -23.584645689594034,
        "y": -11.322906424169384,
        "z": -208.9186696276485
      },
      "normal": {
        "x": -0.1136282031435004,
        "y": -0.06038236872217093,
        "z": -0.9916867453979
      },
      "cortical_thickness_mm": 278.8566399097208
    },
    {
      "id": "a3",
      "xyz": {
        "x": 18.034651534395277,
        "y": 5.294951223427388,
        "z": 92.52050733301783
      },
      "normal": {
        "x": 0.9993097424088143,
        "y": 0.03708194289991649,
        "z": 0.00222895437294521
      },
      "cortical_thickness_mm": 30.219547749198448
    }
  ],
  "resection_planes": [],
  "defect_region": {
    "centroid": {
      "x": 0,
      "y": 0,
      "z": 0
    },
    "obb": [],
    "volume_mm3": 0.0
  },
  "fit_target_surface_path": "fixtures/dummy_bone.stl",
  "confidence": 0.65,
  "fallback_rung": 2,
  "trace_id": "e0337fefe2dd46d4a82c5fc8080f2f20"
}