{
  "case_id": "test_case_01",
  "coordinate_frame": {
    "origin": {
      "x": 3.973642985026042e-14,
      "y": 4.470348358154297e-14,
      "z": 4.7187010447184245e-14
    },
    "basis": [
      [
        0.5463250983741168,
        -0.618783962064008,
        0.5644778960941517
      ],
      [
        0.5510847729768471,
        0.7730795627509126,
        0.31409164689611613
      ],
      [
        -0.6307411988126101,
        0.13947902333048484,
        0.7633551874266694
      ]
    ]
  },
  "anchor_points": [
    {
      "id": "a0",
      "xyz": {
        "x": -388.24162107719206,
        "y": -388.88888888888886,
        "z": 235.80564393085007
      },
      "normal": {
        "x": 0.0,
        "y": -1.0,
        "z": 0.0
      },
      "cortical_thickness_mm": 1000.0
    },
    {
      "id": "a1",
      "xyz": {
        "x": 583.2792106588365,
        "y": -388.88888888888886,
        "z": -376.1949644288005
      },
      "normal": {
        "x": 0.0,
        "y": -1.0,
        "z": 0.0
      },
      "cortical_thickness_mm": 1000.0
    },
    {
      "id": "a2",
      "xyz": {
        "x": -64.87651444248166,
        "y": -388.88888888888886,
        "z": -372.6771030064448
      },
      "normal": {
        "x": 0.0,
        "y": -1.0,
        "z": 0.0
      },
      "cortical_thickness_mm": 1000.0
    },
    {
      "id": "a3",
      "xyz": {
        "x": 87.96990665588066,
        "y": -388.88888888888886,
        "z": 104.55522525314575
      },
      "normal": {
        "x": 0.0,
        "y": -1.0,
        "z": 0.0
      },
      "cortical_thickness_mm": 1000.0
    }
  ],
  "resection_planes": [],
  "defect_region": {
    "centroid": {
      "x": 0,
      "y": 0,
      "z": 0
    },
    "obb": [],
    "volume_mm3": 0.0
  },
  "fit_target_surface_path": "fixtures/dummy_bone.stl",
  "confidence": 0.65,
  "fallback_rung": 2,
  "trace_id": "8483ff58642c4325936a9769290bcda5"
}