{
  "case_id": "test_case_03",
  "coordinate_frame": {
    "origin": {
      "x": 3.973642985026042e-14,
      "y": 4.470348358154297e-14,
      "z": 4.7187010447184245e-14
    },
    "basis": [
      [
        0.5463250983741168,
        -0.618783962064008,
        0.5644778960941517
      ],
      [
        0.5510847729768471,
        0.7730795627509126,
        0.31409164689611613
      ],
      [
        -0.6307411988126101,
        0.13947902333048484,
        0.7633551874266694
      ]
    ]
  },
  "anchor_points": [
    {
      "id": "a0",
      "xyz": {
        "x": -233.9039388696439,
        "y": -388.88888888888886,
        "z": 354.23114893858605
      },
      "normal": {
        "x": 0.0,
        "y": -1.0,
        "z": 0.0
      },
      "cortical_thickness_mm": 1000.0
    },
    {
      "id": "a1",
      "xyz": {
        "x": 579.1977211750245,
        "y": -388.88888888888886,
        "z": -364.01875196612446
      },
      "normal": {
        "x": 0.0,
        "y": -1.0,
        "z": 0.0
      },
      "cortical_thickness_mm": 1000.0
    },
    {
      "id": "a2",
      "xyz": {
        "x": -234.26746473821783,
        "y": -388.88888888888886,
        "z": -377.86170969110145
      },
      "normal": {
        "x": 0.0,
        "y": -1.0,
        "z": 0.0
      },
      "cortical_thickness_mm": 1000.0
    },
    {
      "id": "a3",
      "xyz": {
        "x": 173.8899158553184,
        "y": -388.88888888888886,
        "z": -16.569215365418586
      },
      "normal": {
        "x": 0.0,
        "y": -1.0,
        "z": 0.0
      },
      "cortical_thickness_mm": 1000.0
    }
  ],
  "resection_planes": [],
  "defect_region": {
    "centroid": {
      "x": 0,
      "y": 0,
      "z": 0
    },
    "obb": [],
    "volume_mm3": 0.0
  },
  "fit_target_surface_path": "fixtures/dummy_bone.stl",
  "confidence": 0.65,
  "fallback_rung": 2,
  "trace_id": "d059dcf392b04f118043e351614eb5f5"
}