{
  "case_id": "test_case_01",
  "coordinate_frame": {
    "origin": {
      "x": 1.0403179914182855e-14,
      "y": -8.831374429349791e-15,
      "z": -2.1335116536050176e-14
    },
    "basis": [
      [
        0.023646167086467933,
        0.9996919851450611,
        -0.007536154115081111
      ],
      [
        0.9992235497120739,
        -0.023396113764507443,
        0.03170046626661804
      ],
      [
        0.03151438533307612,
        -0.008279897188107989,
        -0.9994690024306071
      ]
    ]
  },
  "anchor_points": [
    {
      "id": "a0",
      "xyz": {
        "x": -15.014730710237824,
        "y": -12.838588808107696,
        "z": 166.86088383553943
      },
      "normal": {
        "x": -0.7264312776845216,
        "y": -0.6845539688946063,
        "z": -0.060691535425260075
      },
      "cortical_thickness_mm": 41.8560686213144
    },
    {
      "id": "a1",
      "xyz": {
        "x": 36.183832226608345,
        "y": -2.5586058709230706,
        "z": -206.09425257770783
      },
      "normal": {
        "x": 0.43583414050466585,
        "y": 0.22782651614974625,
        "z": -0.8707144655451801
      },
      "cortical_thickness_mm": 79.07933730076331
    },
    {
      "id": "a2",
      "xyz": {
        "x": 11.07021278797597,
        "y": 17.298282431502972,
        "z": -19.543634449414107
      },
      "normal": {
        "x": 0.5798601003424985,
        "y": 0.8146076049081953,
        "z": 0.013293383937930508
      },
      "cortical_thickness_mm": 11.814551301242302
    },
    {
      "id": "a3",
      "xyz": {
        "x": -15.1107358229557,
        "y": 7.273254692911921,
        "z": -123.3111782492847
      },
      "normal": {
        "x": -0.9243279952339764,
        "y": 0.38021348741750977,
        "z": -0.0324878625420808
      },
      "cortical_thickness_mm": 38.47093823304441
    }
  ],
  "resection_planes": [],
  "defect_region": {
    "centroid": {
      "x": 0,
      "y": 0,
      "z": 0
    },
    "obb": [],
    "volume_mm3": 0.0
  },
  "fit_target_surface_path": "fixtures/dummy_bone.stl",
  "confidence": 0.65,
  "fallback_rung": 2,
  "trace_id": "0fef25369265441f9445b9a24e280116"
}