{
  "case_id": "test_case_05",
  "coordinate_frame": {
    "origin": {
      "x": 1.0403179914182855e-14,
      "y": -8.831374429349791e-15,
      "z": -2.1335116536050176e-14
    },
    "basis": [
      [
        0.023646167086467933,
        0.9996919851450611,
        -0.007536154115081111
      ],
      [
        0.9992235497120739,
        -0.023396113764507443,
        0.03170046626661804
      ],
      [
        0.03151438533307612,
        -0.008279897188107989,
        -0.9994690024306071
      ]
    ]
  },
  "anchor_points": [
    {
      "id": "a0",
      "xyz": {
        "x": -8.105654562503378,
        "y": 13.758911096200093,
        "z": 2.1010987272178925
      },
      "normal": {
        "x": -0.8332065777199136,
        "y": 0.5529179840613464,
        "z": -0.006964319479062967
      },
      "cortical_thickness_mm": 26.138314690637962
    },
    {
      "id": "a1",
      "xyz": {
        "x": -44.38617714093548,
        "y": 8.48947092925911,
        "z": 228.89970420237842
      },
      "normal": {
        "x": -0.2763806446887625,
        "y": 0.2840813551765355,
        "z": 0.918102130965007
      },
      "cortical_thickness_mm": 54.20630324139634
    },
    {
      "id": "a2",
      "xyz": {
        "x": 24.36399341891219,
        "y": -11.273934086519848,
        "z": -208.91568013216
      },
      "normal": {
        "x": -0.11202940022050413,
        "y": -0.061711360320929796,
        "z": -0.9917868326881409
      },
      "cortical_thickness_mm": 51.22495662487743
    },
    {
      "id": "a3",
      "xyz": {
        "x": 42.854966398808855,
        "y": -8.235401658653169,
        "z": 140.44941192204715
      },
      "normal": {
        "x": 0.7073553402474464,
        "y": -0.22183859678154122,
        "z": -0.6711453341873251
      },
      "cortical_thickness_mm": 121.84370240379877
    }
  ],
  "resection_planes": [],
  "defect_region": {
    "centroid": {
      "x": 0,
      "y": 0,
      "z": 0
    },
    "obb": [],
    "volume_mm3": 0.0
  },
  "fit_target_surface_path": "fixtures/dummy_bone.stl",
  "confidence": 0.65,
  "fallback_rung": 2,
  "trace_id": "83eb346cc638498eac85a65e497efef0"
}