{
  "case_id": "test_case_03",
  "coordinate_frame": {
    "origin": {
      "x": 1.0403179914182855e-14,
      "y": -8.831374429349791e-15,
      "z": -2.1335116536050176e-14
    },
    "basis": [
      [
        0.023646167086467933,
        0.9996919851450611,
        -0.007536154115081111
      ],
      [
        0.9992235497120739,
        -0.023396113764507443,
        0.03170046626661804
      ],
      [
        0.03151438533307612,
        -0.008279897188107989,
        -0.9994690024306071
      ]
    ]
  },
  "anchor_points": [
    {
      "id": "a0",
      "xyz": {
        "x": 18.663263622862523,
        "y": 24.519737104606936,
        "z": -185.38467158165707
      },
      "normal": {
        "x": 0.24400938826528143,
        "y": 0.8746771836236114,
        "z": -0.4188069279353798
      },
      "cortical_thickness_mm": 57.62211424600892
    },
    {
      "id": "a1",
      "xyz": {
        "x": -45.67491033842799,
        "y": -7.737041507811047,
        "z": 228.03926777838814
      },
      "normal": {
        "x": -0.35086487621312096,
        "y": -0.3612309924909425,
        "z": 0.8639479201340552
      },
      "cortical_thickness_mm": 53.93855084676718
    },
    {
      "id": "a2",
      "xyz": {
        "x": 15.82732358694535,
        "y": 8.36470122637822,
        "z": 24.96998294817134
      },
      "normal": {
        "x": 0.9883889272389432,
        "y": 0.15190739677391257,
        "z": 0.00338693324767563
      },
      "cortical_thickness_mm": 9.593218396316217
    },
    {
      "id": "a3",
      "xyz": {
        "x": 47.337947063554246,
        "y": -0.3605965921213615,
        "z": 147.7616705916038
      },
      "normal": {
        "x": 0.8473573879248029,
        "y": 0.3180696122624563,
        "z": -0.4252260326984528
      },
      "cortical_thickness_mm": 57.90985690146572
    }
  ],
  "resection_planes": [],
  "defect_region": {
    "centroid": {
      "x": 0,
      "y": 0,
      "z": 0
    },
    "obb": [],
    "volume_mm3": 0.0
  },
  "fit_target_surface_path": "fixtures/dummy_bone.stl",
  "confidence": 0.65,
  "fallback_rung": 2,
  "trace_id": "1596a4a796844ec8849084dd22b5b7f6"
}