{
  "case_id": "test_case_02",
  "coordinate_frame": {
    "origin": {
      "x": 1.0403179914182855e-14,
      "y": -8.831374429349791e-15,
      "z": -2.1335116536050176e-14
    },
    "basis": [
      [
        0.023646167086467933,
        0.9996919851450611,
        -0.007536154115081111
      ],
      [
        0.9992235497120739,
        -0.023396113764507443,
        0.03170046626661804
      ],
      [
        0.03151438533307612,
        -0.008279897188107989,
        -0.9994690024306071
      ]
    ]
  },
  "anchor_points": [
    {
      "id": "a0",
      "xyz": {
        "x": -1.6299162293918736,
        "y": 6.113463618581122,
        "z": 50.330549723860365
      },
      "normal": {
        "x": 0.6522262263515,
        "y": -0.758024372734335,
        "z": 0.0
      },
      "cortical_thickness_mm": 9.950192905741657
    },
    {
      "id": "a1",
      "xyz": {
        "x": 30.6076660800452,
        "y": -9.14823503492746,
        "z": -208.8136004428484
      },
      "normal": {
        "x": 0.19250291053292742,
        "y": -0.01158548931050289,
        "z": -0.98122800911602
      },
      "cortical_thickness_mm": 170.33559891254828
    },
    {
      "id": "a2",
      "xyz": {
        "x": -40.187646361032336,
        "y": -0.7236852240741101,
        "z": 231.03970622138422
      },
      "normal": {
        "x": -0.11868206210378048,
        "y": -0.05067769506636535,
        "z": 0.9916382099120399
      },
      "cortical_thickness_mm": 427.0991703025777
    },
    {
      "id": "a3",
      "xyz": {
        "x": -4.898705619490055,
        "y": -9.683368899415465,
        "z": -80.66186963766819
      },
      "normal": {
        "x": -0.5318018481333808,
        "y": -0.8451374462200216,
        "z": 0.05412477546023066
      },
      "cortical_thickness_mm": 11.47926814639425
    }
  ],
  "resection_planes": [],
  "defect_region": {
    "centroid": {
      "x": 0,
      "y": 0,
      "z": 0
    },
    "obb": [],
    "volume_mm3": 0.0
  },
  "fit_target_surface_path": "fixtures/dummy_bone.stl",
  "confidence": 0.65,
  "fallback_rung": 2,
  "trace_id": "b1954eb8017b4e5b9722fcdbc687f0bc"
}